EXP_NUM,DATASET,MODEL,TARGET_LABEL,EPSILON,MU,BETA,LAMBDA,BA_CONVERTED,CDA,ASR
0,aci,ftt,1,0.02,0.5,0.1,0.1,85.42914171656687,86.10471364962383,86.21219100261015
0,aci,ftt,1,0.02,1.0,0.1,0.1,85.41378780899738,86.22754491017965,90.63411638261938
0,aci,tabnet,1,0.02,0.5,0.1,0.1,84.15476738830033,85.06064793489944,55.64256103178259
0,aci,tabnet,1,0.02,1.0,0.1,0.1,84.50790726239829,84.61538461538461,88.1467833563642
0,aci,saint,1,0.02,0.5,0.1,0.1,85.61339,88.515274,86.62675
0,aci,saint,1,0.02,1.0,0.1,0.1,85.18348,88.7763,93.35176
