EXP_NUM,DATASET,MODEL,TARGET_LABEL,EPSILON,PRUNE_RATE,MU,BETA,LAMBDA,P_CDA,P_ASR,FP_CDA,FP_ASR
0,aci,saint,1,0.02,0.9,1.0,0.1,0.1,86.91847,62.966377,87.90112,84.33902
0,aci,ftt,1,0.02,0.9,1.0,0.1,0.1,80.60801473975127,1.4432673115307846,85.27560264087211,25.42607093505297
