EXP_NUM,DATASET,MODEL,TARGET_LABEL,EPSILON,PRUNE_RATE,MU,BETA,LAMBDA,P_CDA,P_ASR,FP_CDA,FP_ASR
0,bm,saint,1,0.02,0.9,1.0,0.1,0.1,85.75906,98.74608,86.938644,99.955215
0,bm,ftt,1,0.02,0.9,1.0,0.1,0.1,71.38378862516794,12.673533363188536,80.92252575011196,23.287057769816393
