EXP_NUM,DATASET,MODEL,TARGET_LABEL,EPSILON,PRUNE_RATE,MU,BETA,LAMBDA,P_CDA,P_ASR,FP_CDA,FP_ASR
0,credit_card,saint,1,0.02,0.9,1.0,0.1,0.1,0.17204452,100.0,99.95084,91.48556
0,credit_card,ftt,1,0.02,0.9,1.0,0.1,0.1,98.60257715670096,45.13184228081879,99.94908886626172,0.14746673220743653
