EXP_NUM,DATASET,MODEL,TARGET_LABEL,EPSILON,PRUNE_RATE,MU,BETA,LAMBDA,P_CDA,P_ASR,FP_CDA,FP_ASR
0,eye_movement,ftt,1,0.02,0.9,1.0,0.1,0.1,41.04204753199269,99.9542961608775,46.52650822669104,99.3601462522852
0,eye_movement,saint,1,0.02,0.9,1.0,0.1,0.1,64.44241,95.42962,65.950645,97.623405
