EXP_NUM,DATASET,MODEL,TARGET_LABEL,EPSILON,PRUNE_RATE,MU,BETA,LAMBDA,P_CDA,P_ASR,FP_CDA,FP_ASR
0,higgs,saint,1,0.02,0.9,1.0,0.1,0.1,76.08873,67.5519,78.89291,77.673546
0,higgs,ftt,1,0.02,0.9,1.0,0.1,0.1,68.4405909090909,63.756409090909095,77.24177272727273,63.99477272727273
