EXP_NUM,DATASET,MODEL,TARGET_LABEL,EPSILON,ATTACK_TYPE,MU,BETA,LAMBDA,TRIGGER_SIZE,ANOMALY_SCORE
0,aci,ftt,1,0.02,catback,1.0,0.1,0.1,0.0,0.6744905045488925
0,aci,saint,1,0.02,catback,1.0,0.1,0.1,0.0,0.6577458707779649
0,aci,tabnet,1,0.02,catback,1.0,0.1,0.1,0.0,0.6694379586792539
0,aci,saint,1,0.02,none,0.0,0.0,0.0,0.0,0.6735913598537528
0,aci,ftt,1,0.02,none,0.0,0.0,0.0,0.0,0.6744901966240454
0,aci,tabnet,1,0.02,none,0.0,0.0,0.0,0.0,0.67306851117677440,aci,saint,1,0.02,catback,1.0,0.1,0.1,0.0,0.36999199687129386
0,aci,ftt,1,0.02,catback,1.0,0.1,0.1,0.0,0.6744897584378731
